Time Elapsed (sec),Replicate 1 Percent Group Activity,Replicate 2 Percent Group Activity,Replicate 3 Percent Group Activity,Replicate 4 Percent Group Activity
"(0, 1]",0.489583333,0.556666667,0.603636364,0.563636364
"(1, 2]",0.547222222,0.619444444,0.593939394,0.575757576
"(2, 3]",0.663888889,0.747126437,0.724137931,0.460815047
"(3, 4]",0.561111111,0.780555556,0.633333333,0.372727273
"(4, 5]",0.513888889,0.591666667,0.533333333,0.56969697
"(5, 6]",0.722222222,0.666666667,0.775757576,0.551515152
"(6, 7]",0.711111111,0.672222222,0.787878788,0.548484848
"(7, 8]",0.647222222,0.608333333,0.660606061,0.451515152
"(8, 9]",0.681034483,0.643678161,0.467084639,0.454545455
"(9, 10]",0.564516129,0.616666667,0.596969697,0.439393939
"(10, 11]",0.617816092,0.636111111,0.678787879,0.551515152
"(11, 12]",0.713888889,0.608333333,0.603030303,0.609090909
"(12, 13]",0.747222222,0.741666667,0.515151515,0.627272727
"(13, 14]",0.758333333,0.597222222,0.612121212,0.639393939
"(14, 15]",0.732758621,0.67816092,0.517241379,0.605015674
"(15, 16]",0.658602151,0.783333333,0.493939394,0.739002933
"(16, 17]",0.706896552,0.65,0.615151515,0.489028213
"(17, 18]",0.677777778,0.533333333,0.445454545,0.53030303
"(18, 19]",0.594444444,0.625,0.46969697,0.415151515
"(19, 20]",0.538888889,0.680555556,0.615151515,0.618181818
"(20, 21]",0.606321839,0.692528736,0.55799373,0.586206897
"(21, 22]",0.599462366,0.76344086,0.384164223,0.536656891
"(22, 23]",0.477011494,0.637931034,0.489028213,0.44200627
"(23, 24]",0.683333333,0.730555556,0.463636364,0.539393939
"(24, 25]",0.686111111,0.722222222,0.572727273,0.572727273
"(25, 26]",0.613888889,0.738888889,0.493939394,0.475757576
"(26, 27]",0.57183908,0.709770115,0.551724138,0.564263323
"(27, 28]",0.647849462,0.572580645,0.604105572,0.48973607
"(28, 29]",0.698275862,0.770114943,0.351097179,0.523510972
"(29, 30]",0.694444444,0.736111111,0.287878788,0.387878788
"(30, 31]",0.688888889,0.677777778,0.26969697,0.345454545
"(31, 32]",0.605555556,0.702777778,0.536363636,0.433333333
"(32, 33]",0.57183908,0.83045977,0.702194357,0.545454545
"(33, 34]",0.629032258,0.809139785,0.706744868,0.521994135
"(34, 35]",0.522988506,0.675,0.766666667,0.573667712
"(35, 36]",0.65,0.652298851,0.55799373,0.475757576
"(36, 37]",0.544444444,0.658333333,0.606060606,0.657575758
"(37, 38]",0.480555556,0.619444444,0.518181818,0.651515152
"(38, 39]",0.462643678,0.488888889,0.454545455,0.727272727
"(39, 40]",0.440860215,0.586111111,0.584848485,0.648093842
"(40, 41]",0.442528736,0.686781609,0.620689655,0.579937304
"(41, 42]",0.572222222,0.669444444,0.615151515,0.742424242
"(42, 43]",0.691666667,0.658333333,0.627272727,0.636363636
"(43, 44]",0.669444444,0.725,0.46969697,0.618181818
"(44, 45]",0.611111111,0.877777778,0.372727273,0.575757576
"(45, 46]",0.641666667,0.802777778,0.442424242,0.46969697
"(46, 47]",0.370689655,0.677777778,0.412121212,0.4169279
"(47, 48]",0.494444444,0.704022989,0.410658307,0.451515152
"(48, 49]",0.522222222,0.558333333,0.484848485,0.666666667
"(49, 50]",0.538888889,0.688888889,0.518181818,0.712121212
"(50, 51]",0.508333333,0.761111111,0.439393939,0.7
"(51, 52]",0.566666667,0.838888889,0.324242424,0.557575758
"(52, 53]",0.541666667,0.798850575,0.614420063,0.652037618
"(53, 54]",0.540229885,0.602777778,0.575757576,0.718181818
"(54, 55]",0.622222222,0.725,0.509090909,0.693939394
"(55, 56]",0.738888889,0.85,0.527272727,0.715151515
"(56, 57]",0.516666667,0.816666667,0.527272727,0.742424242
"(57, 58]",0.619444444,0.722222222,0.490909091,0.678787879
"(58, 59]",0.655172414,0.725,0.587878788,0.63030303
"(59, 60]",0.488888889,0.528735632,0.695924765,0.714733542
"(60, 61]",0.380555556,0.619444444,0.681818182,0.587878788
"(61, 62]",0.461111111,0.636111111,0.427272727,0.706060606
"(62, 63]",0.558333333,0.544444444,0.596969697,0.509090909
"(63, 64]",0.475,0.727777778,0.687878788,0.454545455
"(64, 65]",0.563888889,0.591666667,0.648484848,0.503030303
"(65, 66]",0.609195402,0.540229885,0.482758621,0.626959248
"(66, 67]",0.591666667,0.677777778,0.603030303,0.545454545
"(67, 68]",0.608333333,0.638888889,0.557575758,0.572727273
"(68, 69]",0.586111111,0.605555556,0.760606061,0.43030303
"(69, 70]",0.630555556,0.483333333,0.624242424,0.536363636
"(70, 71]",0.666666667,0.477777778,0.433333333,0.672727273
"(71, 72]",0.695402299,0.594827586,0.605015674,0.554858934
"(72, 73]",0.6,0.630555556,0.503030303,0.763636364
"(73, 74]",0.680555556,0.613888889,0.415151515,0.863636364
"(74, 75]",0.613888889,0.580555556,0.496969697,0.760606061
"(75, 76]",0.5,0.686111111,0.639393939,0.636363636
"(76, 77]",0.605555556,0.677777778,0.572727273,0.648484848
"(77, 78]",0.586206897,0.522988506,0.695924765,0.702194357
"(78, 79]",0.677777778,0.577777778,0.536363636,0.703030303
"(79, 80]",0.652777778,0.608333333,0.509090909,0.748484848
"(80, 81]",0.733333333,0.602777778,0.46969697,0.757575758
"(81, 82]",0.741666667,0.711111111,0.5,0.681818182
"(82, 83]",0.538888889,0.672222222,0.403030303,0.715151515
"(83, 84]",0.442528736,0.701149425,0.532915361,0.636363636
"(84, 85]",0.522222222,0.666666667,0.487878788,0.484848485
"(85, 86]",0.666666667,0.575,0.645454545,0.660606061
"(86, 87]",0.508333333,0.55,0.712121212,0.690909091
"(87, 88]",0.525,0.683333333,0.593939394,0.545454545
"(88, 89]",0.572222222,0.861111111,0.693939394,0.651515152
"(89, 90]",0.675287356,0.704022989,0.692789969,0.55799373
"(90, 91]",0.658333333,0.663888889,0.524242424,0.709090909
"(91, 92]",0.733333333,0.8,0.648484848,0.603030303
"(92, 93]",0.663888889,0.752777778,0.721212121,0.612121212
"(93, 94]",0.602777778,0.697222222,0.481818182,0.709090909
"(94, 95]",0.55,0.555555556,0.439393939,0.8
"(95, 96]",0.620689655,0.583333333,0.467084639,0.642633229
"(96, 97]",0.583333333,0.630555556,0.436363636,0.63030303
"(97, 98]",0.558333333,0.705555556,0.475757576,0.46969697
"(98, 99]",0.605555556,0.588888889,0.481818182,0.442424242
"(99, 100]",0.558333333,0.7,0.672727273,0.533333333
"(100, 101]",0.463888889,0.577777778,0.687878788,0.639393939
"(101, 102]",0.735632184,0.778735632,0.695924765,0.677115987
"(102, 103]",0.591666667,0.583333333,0.542424242,0.581818182
"(103, 104]",0.825,0.686111111,0.366666667,0.660606061
"(104, 105]",0.797222222,0.738888889,0.481818182,0.518181818
"(105, 106]",0.766666667,0.752777778,0.303030303,0.56969697
"(106, 107]",0.797222222,0.722222222,0.381818182,0.757575758
"(107, 108]",0.772988506,0.764367816,0.420062696,0.702194357
"(108, 109]",0.763888889,0.741666667,0.548484848,0.675757576
"(109, 110]",0.577777778,0.744444444,0.624242424,0.481818182
"(110, 111]",0.708333333,0.638888889,0.663636364,0.590909091
"(111, 112]",0.580555556,0.661111111,0.696969697,0.448484848
"(112, 113]",0.669444444,0.619444444,0.536363636,0.445454545
"(113, 114]",0.649425287,0.606321839,0.545454545,0.636363636
"(114, 115]",0.641666667,0.8,0.448484848,0.593939394
"(115, 116]",0.622222222,0.741666667,0.484848485,0.715151515
"(116, 117]",0.886111111,0.563888889,0.56969697,0.760606061
"(117, 118]",0.708333333,0.638888889,0.53030303,0.642424242
"(118, 119]",0.755555556,0.75,0.521212121,0.681818182
"(119, 120]",0.755747126,0.744252874,0.699059561,0.545454545
"(120, 121]",0.741666667,0.591666667,0.781818182,0.415151515
"(121, 122]",0.669444444,0.605555556,0.654545455,0.539393939
"(122, 123]",0.675,0.611111111,0.539393939,0.551515152
"(123, 124]",0.644444444,0.697222222,0.587878788,0.533333333
"(124, 125]",0.763888889,0.727777778,0.763636364,0.657575758
"(125, 126]",0.816091954,0.649425287,0.702194357,0.742946708
"(126, 127]",0.803763441,0.658333333,0.536363636,0.66568915
"(127, 128]",0.807471264,0.783333333,0.466666667,0.586206897
"(128, 129]",0.636111111,0.708333333,0.512121212,0.681818182
"(129, 130]",0.727777778,0.7,0.645454545,0.566666667
"(130, 131]",0.725,0.811111111,0.536363636,0.551515152
"(131, 132]",0.540229885,0.747126437,0.413793103,0.652037618
"(132, 133]",0.494444444,0.65,0.409090909,0.730205279
"(133, 134]",0.544444444,0.711111111,0.403030303,0.564263323
"(134, 135]",0.611111111,0.655555556,0.478787879,0.684848485
"(135, 136]",0.688888889,0.722222222,0.648484848,0.660606061
"(136, 137]",0.588888889,0.772222222,0.63030303,0.624242424
"(137, 138]",0.57183908,0.681034483,0.793103448,0.677115987
"(138, 139]",0.64516129,0.612903226,0.516129032,0.598240469
"(139, 140]",0.698275862,0.540229885,0.529780564,0.589341693
"(140, 141]",0.713888889,0.616666667,0.833333333,0.733333333
"(141, 142]",0.680555556,0.605555556,0.487878788,0.6
"(142, 143]",0.602777778,0.583333333,0.533333333,0.618181818
"(143, 144]",0.629310345,0.718390805,0.68338558,0.680250784
"(144, 145]",0.577956989,0.690860215,0.700879765,0.700879765
"(145, 146]",0.632183908,0.686781609,0.561128527,0.55799373
"(146, 147]",0.602777778,0.652777778,0.724242424,0.624242424
"(147, 148]",0.538888889,0.519444444,0.603030303,0.621212121
"(148, 149]",0.555555556,0.602777778,0.748484848,0.624242424
"(149, 150]",0.612068966,0.652298851,0.664576803,0.705329154
"(150, 151]",0.690860215,0.559139785,0.560117302,0.615835777
"(151, 152]",0.629310345,0.591954023,0.652037618,0.463949843
"(152, 153]",0.683333333,0.441666667,0.678787879,0.475757576
"(153, 154]",0.644444444,0.522222222,0.627272727,0.551515152
"(154, 155]",0.588888889,0.541666667,0.481818182,0.696969697
"(155, 156]",0.708333333,0.376436782,0.520376176,0.65830721
"(156, 157]",0.583333333,0.508064516,0.486803519,0.668621701
"(157, 158]",0.698275862,0.629310345,0.435736677,0.752351097
"(158, 159]",0.616666667,0.647222222,0.351515152,0.509090909
"(159, 160]",0.794444444,0.591666667,0.484848485,0.693939394
"(160, 161]",0.833333333,0.652777778,0.448484848,0.687878788
"(161, 162]",0.766666667,0.58045977,0.432601881,0.527272727
"(162, 163]",0.716666667,0.72311828,0.62170088,0.56969697
"(163, 164]",0.709770115,0.804597701,0.642633229,0.623824451
"(164, 165]",0.622222222,0.7,0.654545455,0.56969697
"(165, 166]",0.619444444,0.597222222,0.690909091,0.584848485
"(166, 167]",0.613888889,0.747222222,0.660606061,0.487878788
"(167, 168]",0.605555556,0.772222222,0.690909091,0.484848485
"(168, 169]",0.744252874,0.658333333,0.618181818,0.606060606
"(169, 170]",0.786111111,0.75862069,0.617554859,0.589341693
"(170, 171]",0.697222222,0.777777778,0.472727273,0.751515152
"(171, 172]",0.611111111,0.788888889,0.548484848,0.712121212
"(172, 173]",0.677777778,0.741666667,0.587878788,0.63030303
"(173, 174]",0.611111111,0.569444444,0.615151515,0.681818182
"(174, 175]",0.686111111,0.661111111,0.609090909,0.463636364
"(175, 176]",0.597701149,0.49137931,0.617554859,0.576802508
"(176, 177]",0.541666667,0.708333333,0.424242424,0.566666667
"(177, 178]",0.419444444,0.719444444,0.539393939,0.478787879
"(178, 179]",0.577777778,0.641666667,0.581818182,0.524242424
"(179, 180]",0.722222222,0.522222222,0.627272727,0.618181818
"(180, 181]",0.611111111,0.683333333,0.53030303,0.696969697
"(181, 182]",0.75,0.681034483,0.476489028,0.520376176
"(182, 183]",0.713888889,0.608333333,0.53030303,0.557575758
"(183, 184]",0.602777778,0.588888889,0.427272727,0.621212121
"(184, 185]",0.694444444,0.738888889,0.56969697,0.621212121
"(185, 186]",0.758333333,0.688888889,0.448484848,0.703030303
"(186, 187]",0.702777778,0.6,0.503030303,0.763636364
"(187, 188]",0.686781609,0.663793103,0.485893417,0.598746082
"(188, 189]",0.577777778,0.577777778,0.472727273,0.584848485
"(189, 190]",0.558333333,0.616666667,0.457575758,0.612121212
"(190, 191]",0.561111111,0.652777778,0.63030303,0.633333333
"(191, 192]",0.741666667,0.658333333,0.633333333,0.624242424
"(192, 193]",0.85,0.663888889,0.672727273,0.527272727
"(193, 194]",0.738505747,0.626436782,0.60815047,0.614420063
"(194, 195]",0.694444444,0.713888889,0.566666667,0.633333333
"(195, 196]",0.602777778,0.563888889,0.560606061,0.818181818
"(196, 197]",0.597222222,0.436111111,0.572727273,0.663636364
"(197, 198]",0.630555556,0.605555556,0.557575758,0.736363636
"(198, 199]",0.575,0.744444444,0.472727273,0.684848485
"(199, 200]",0.531609195,0.655172414,0.423197492,0.626959248
"(200, 201]",0.508333333,0.680555556,0.472727273,0.609090909
"(201, 202]",0.702777778,0.583333333,0.451515152,0.703030303
"(202, 203]",0.619444444,0.625,0.603030303,0.675757576
"(203, 204]",0.65,0.697222222,0.609090909,0.518181818
"(204, 205]",0.588888889,0.694444444,0.718181818,0.557575758
"(205, 206]",0.583333333,0.525862069,0.438871473,0.548589342
"(206, 207]",0.447222222,0.611111111,0.545454545,0.581818182
"(207, 208]",0.611111111,0.616666667,0.787878788,0.76969697
"(208, 209]",0.608333333,0.527777778,0.642424242,0.627272727
"(209, 210]",0.572222222,0.647222222,0.666666667,0.681818182
"(210, 211]",0.547222222,0.644444444,0.742424242,0.684848485
"(211, 212]",0.66954023,0.617816092,0.611285266,0.677115987
"(212, 213]",0.638888889,0.727777778,0.703030303,0.593939394
"(213, 214]",0.519444444,0.780555556,0.648484848,0.560606061
"(214, 215]",0.627777778,0.722222222,0.748484848,0.566666667
"(215, 216]",0.486111111,0.541666667,0.606060606,0.590909091
"(216, 217]",0.602777778,0.663888889,0.593939394,0.675757576
"(217, 218]",0.583333333,0.718390805,0.598746082,0.382445141
"(218, 219]",0.619444444,0.683333333,0.509090909,0.636363636
"(219, 220]",0.730555556,0.677777778,0.496969697,0.648484848
"(220, 221]",0.602777778,0.705555556,0.5,0.651515152
"(221, 222]",0.763888889,0.833333333,0.675757576,0.675757576
"(222, 223]",0.680555556,0.658333333,0.645454545,0.503030303
"(223, 224]",0.67816092,0.793103448,0.605015674,0.379310345
"(224, 225]",0.675,0.775,0.596969697,0.684848485
"(225, 226]",0.616666667,0.694444444,0.533333333,0.645454545
"(226, 227]",0.541666667,0.747222222,0.542424242,0.715151515
"(227, 228]",0.6,0.694444444,0.581818182,0.596969697
"(228, 229]",0.558333333,0.722222222,0.527272727,0.663636364
"(229, 230]",0.525862069,0.761494253,0.473354232,0.482758621
"(230, 231]",0.502777778,0.825,0.472727273,0.481818182
"(231, 232]",0.508333333,0.672222222,0.642424242,0.490909091
"(232, 233]",0.552777778,0.680555556,0.778787879,0.533333333
"(233, 234]",0.616666667,0.680555556,0.657575758,0.584848485
"(234, 235]",0.697222222,0.497222222,0.678787879,0.481818182
"(235, 236]",0.522988506,0.795977011,0.592476489,0.445141066
"(236, 237]",0.588888889,0.738888889,0.709090909,0.560606061
"(237, 238]",0.591666667,0.655555556,0.6,0.578787879
"(238, 239]",0.547222222,0.55,0.539393939,0.515151515
"(239, 240]",0.594444444,0.663888889,0.518181818,0.521212121
"(240, 241]",0.686111111,0.680555556,0.463636364,0.439393939
"(241, 242]",0.701149425,0.732758621,0.44200627,0.489028213
"(242, 243]",0.688888889,0.691666667,0.436363636,0.43030303
"(243, 244]",0.761111111,0.702777778,0.4,0.7
"(244, 245]",0.666666667,0.786111111,0.560606061,0.872727273
"(245, 246]",0.752777778,0.830555556,0.496969697,0.824242424
"(246, 247]",0.619444444,0.769444444,0.312121212,0.76969697
"(247, 248]",0.534482759,0.672413793,0.385579937,0.636363636
"(248, 249]",0.652777778,0.580555556,0.296969697,0.651515152
"(249, 250]",0.525,0.713888889,0.221212121,0.560606061
"(250, 251]",0.636111111,0.647222222,0.290909091,0.609090909
"(251, 252]",0.702777778,0.613888889,0.393939394,0.587878788
"(252, 253]",0.788888889,0.619444444,0.384848485,0.560606061
"(253, 254]",0.801724138,0.859195402,0.55799373,0.394984326
"(254, 255]",0.758333333,0.847222222,0.545454545,0.681818182
"(255, 256]",0.675,0.741666667,0.496969697,0.503030303
"(256, 257]",0.583333333,0.744444444,0.336363636,0.551515152
"(257, 258]",0.583333333,0.822222222,0.439393939,0.56969697
"(258, 259]",0.677777778,0.780555556,0.596969697,0.687878788
"(259, 260]",0.75,0.623563218,0.561128527,0.579937304
"(260, 261]",0.683333333,0.636111111,0.578787879,0.572727273
"(261, 262]",0.683333333,0.488888889,0.524242424,0.512121212
"(262, 263]",0.736111111,0.586111111,0.557575758,0.324242424
"(263, 264]",0.813888889,0.644444444,0.43030303,0.309090909
"(264, 265]",0.630555556,0.586111111,0.5,0.484848485
"(265, 266]",0.617816092,0.706896552,0.567398119,0.536050157
"(266, 267]",0.694444444,0.75,0.509090909,0.681818182
"(267, 268]",0.647222222,0.733333333,0.518181818,0.703030303
"(268, 269]",0.627777778,0.830555556,0.648484848,0.590909091
"(269, 270]",0.683333333,0.702777778,0.448484848,0.56969697
"(270, 271]",0.633333333,0.575,0.460606061,0.718181818
"(271, 272]",0.614942529,0.614942529,0.476489028,0.70846395
"(272, 273]",0.647849462,0.438888889,0.524242424,0.674486804
"(273, 274]",0.494252874,0.697222222,0.66969697,0.567398119
"(274, 275]",0.566666667,0.638888889,0.748484848,0.660606061
"(275, 276]",0.655555556,0.625,0.836363636,0.751515152
"(276, 277]",0.677777778,0.7,0.657575758,0.672727273
"(277, 278]",0.551724138,0.75,0.523510972,0.570532915
"(278, 279]",0.534946237,0.675,0.53030303,0.68914956
"(279, 280]",0.655172414,0.75,0.63030303,0.714733542
"(280, 281]",0.666666667,0.791666667,0.542424242,0.551515152
"(281, 282]",0.530555556,0.716666667,0.527272727,0.460606061
"(282, 283]",0.572222222,0.644444444,0.433333333,0.524242424
"(283, 284]",0.528735632,0.853448276,0.363636364,0.611285266
"(284, 285]",0.481182796,0.704301075,0.639296188,0.771260997
"(285, 286]",0.5,0.649425287,0.573667712,0.711598746
"(286, 287]",0.569444444,0.675,0.681818182,0.681818182
"(287, 288]",0.569444444,0.711111111,0.651515152,0.612121212
"(288, 289]",0.669444444,0.805555556,0.593939394,0.73030303
"(289, 290]",0.617816092,0.772988506,0.429467085,0.768025078
"(290, 291]",0.462365591,0.744623656,0.507331378,0.818181818
"(291, 292]",0.574712644,0.554597701,0.639498433,0.670846395
"(292, 293]",0.611111111,0.663888889,0.606060606,0.645454545
"(293, 294]",0.591666667,0.7,0.66969697,0.648484848
"(294, 295]",0.530555556,0.780555556,0.596969697,0.663636364
"(295, 296]",0.568965517,0.738505747,0.532915361,0.445141066
"(296, 297]",0.483870968,0.752688172,0.598240469,0.419354839
"(297, 298]",0.614942529,0.833333333,0.579937304,0.695924765
"(298, 299]",0.616666667,0.805555556,0.460606061,0.854545455
"(299, 300]",0.680555556,0.716666667,0.536363636,0.609090909
"(300, 301]",0.669444444,0.563888889,0.545454545,0.584848485
"(301, 302]",0.613888889,0.824712644,0.548589342,0.630094044
"(302, 303]",0.569444444,0.73655914,0.64516129,0.580645161
"(303, 304]",0.597701149,0.57183908,0.605015674,0.695924765
"(304, 305]",0.711111111,0.622222222,0.545454545,0.6
"(305, 306]",0.702777778,0.608333333,0.657575758,0.566666667
"(306, 307]",0.638888889,0.686111111,0.624242424,0.478787879
"(307, 308]",0.572222222,0.793103448,0.564263323,0.566666667
"(308, 309]",0.561111111,0.688172043,0.565982405,0.7
"(309, 310]",0.626436782,0.57183908,0.561128527,0.727272727
"(310, 311]",0.672222222,0.544444444,0.424242424,0.675757576
"(311, 312]",0.608333333,0.755555556,0.542424242,0.663636364
"(312, 313]",0.713888889,0.505555556,0.509090909,0.618181818
"(313, 314]",0.816666667,0.669444444,0.439393939,0.696969697
"(314, 315]",0.805555556,0.813888889,0.624242424,0.566666667
"(315, 316]",0.75,0.83045977,0.780564263,0.595611285
"(316, 317]",0.555555556,0.858333333,0.709090909,0.578787879
"(317, 318]",0.561111111,0.816666667,0.606060606,0.557575758
"(318, 319]",0.658333333,0.586111111,0.481818182,0.678787879
"(319, 320]",0.638888889,0.661111111,0.384848485,0.824242424
"(320, 321]",0.663888889,0.713888889,0.463636364,0.790909091
"(321, 322]",0.586206897,0.66091954,0.504702194,0.680250784
"(322, 323]",0.719444444,0.727777778,0.6,0.772727273
"(323, 324]",0.630555556,0.605555556,0.533333333,0.742424242
"(324, 325]",0.586111111,0.669444444,0.563636364,0.827272727
"(325, 326]",0.572222222,0.644444444,0.724242424,0.654545455
"(326, 327]",0.597222222,0.683333333,0.636363636,0.660606061
"(327, 328]",0.689655172,0.67816092,0.724137931,0.730407524
"(328, 329]",0.594444444,0.727777778,0.651515152,0.624242424
"(329, 330]",0.525,0.808333333,0.557575758,0.821212121
"(330, 331]",0.716666667,0.716666667,0.548484848,0.736363636
"(331, 332]",0.65,0.586111111,0.581818182,0.648484848
"(332, 333]",0.813888889,0.719444444,0.472727273,0.436363636
"(333, 334]",0.738505747,0.752873563,0.589341693,0.65830721
"(334, 335]",0.733333333,0.711111111,0.596969697,0.612121212
"(335, 336]",0.588888889,0.638888889,0.578787879,0.578787879
"(336, 337]",0.722222222,0.669444444,0.424242424,0.660606061
"(337, 338]",0.733333333,0.744444444,0.566666667,0.706060606
"(338, 339]",0.697222222,0.694444444,0.715151515,0.621212121
"(339, 340]",0.775862069,0.75,0.592476489,0.495297806
"(340, 341]",0.636111111,0.727777778,0.645454545,0.627272727
"(341, 342]",0.505555556,0.633333333,0.727272727,0.709090909
"(342, 343]",0.516666667,0.713888889,0.645454545,0.724242424
"(343, 344]",0.652777778,0.661111111,0.751515152,0.572727273
"(344, 345]",0.769444444,0.658333333,0.527272727,0.6
"(345, 346]",0.620689655,0.614942529,0.78369906,0.677115987
"(346, 347]",0.647222222,0.825,0.748484848,0.654545455
"(347, 348]",0.586111111,0.836111111,0.627272727,0.593939394
"(348, 349]",0.7,0.786111111,0.490909091,0.651515152
"(349, 350]",0.641666667,0.747222222,0.484848485,0.718181818
"(350, 351]",0.633333333,0.688888889,0.4,0.715151515
"(351, 352]",0.658045977,0.663793103,0.489028213,0.542319749
"(352, 353]",0.736111111,0.672222222,0.466666667,0.487878788
"(353, 354]",0.7,0.75,0.736363636,0.7
"(354, 355]",0.727777778,0.736111111,0.793939394,0.512121212
"(355, 356]",0.733333333,0.741666667,0.633333333,0.572727273
"(356, 357]",0.641666667,0.675,0.660606061,0.624242424
"(357, 358]",0.732758621,0.692528736,0.673981191,0.344827586
"(358, 359]",0.641666667,0.694444444,0.603030303,0.536363636
"(359, 360]",0.7,0.697222222,0.557575758,0.563636364
"(360, 361]",0.55,0.675,0.718181818,0.693939394
"(361, 362]",0.727777778,0.736111111,0.651515152,0.812121212
"(362, 363]",0.711111111,0.688888889,0.596969697,0.6
"(363, 364]",0.548850575,0.735632184,0.686520376,0.601880878
"(364, 365]",0.488888889,0.794444444,0.639393939,0.563636364
"(365, 366]",0.675,0.733333333,0.639393939,0.487878788
"(366, 367]",0.586111111,0.794444444,0.596969697,0.548484848
"(367, 368]",0.616666667,0.8,0.709090909,0.693939394
"(368, 369]",0.691666667,0.7,0.63030303,0.666666667
"(369, 370]",0.66091954,0.813218391,0.39184953,0.677115987
"(370, 371]",0.716666667,0.619444444,0.512121212,0.718181818
"(371, 372]",0.836111111,0.555555556,0.545454545,0.684848485
"(372, 373]",0.730555556,0.744444444,0.539393939,0.854545455
"(373, 374]",0.627777778,0.672222222,0.463636364,0.772727273
"(374, 375]",0.555555556,0.708333333,0.684848485,0.763636364
"(375, 376]",0.655172414,0.862068966,0.639498433,0.677115987
"(376, 377]",0.502777778,0.686111111,0.727272727,0.772727273
"(377, 378]",0.563888889,0.691666667,0.663636364,0.718181818
"(378, 379]",0.580555556,0.644444444,0.533333333,0.678787879
"(379, 380]",0.638888889,0.613888889,0.709090909,0.615151515
"(380, 381]",0.544444444,0.683333333,0.645454545,0.618181818
"(381, 382]",0.686781609,0.744252874,0.673981191,0.808777429
"(382, 383]",0.663888889,0.825,0.706060606,0.748484848
"(383, 384]",0.677777778,0.869444444,0.666666667,0.812121212
"(384, 385]",0.566666667,0.716666667,0.572727273,0.66969697
"(385, 386]",0.666666667,0.608333333,0.6,0.660606061
"(386, 387]",0.622222222,0.644444444,0.548484848,0.706060606
"(387, 388]",0.477011494,0.594827586,0.407523511,0.893416928
"(388, 389]",0.536111111,0.85,0.487878788,0.663636364
"(389, 390]",0.613888889,0.686111111,0.66969697,0.506060606
"(390, 391]",0.530555556,0.913888889,0.518181818,0.757575758
"(391, 392]",0.558333333,0.727777778,0.496969697,0.557575758
"(392, 393]",0.666666667,0.641666667,0.554545455,0.545454545
"(393, 394]",0.715517241,0.663793103,0.749216301,0.539184953
"(394, 395]",0.591666667,0.688888889,0.878787879,0.527272727
"(395, 396]",0.583333333,0.686111111,0.687878788,0.675757576
"(396, 397]",0.680555556,0.705555556,0.457575758,0.7
"(397, 398]",0.6,0.719444444,0.706060606,0.606060606
"(398, 399]",0.827777778,0.847222222,0.606060606,0.696969697
"(399, 400]",0.804597701,0.709770115,0.60815047,0.501567398
"(400, 401]",0.722222222,0.702777778,0.53030303,0.596969697
"(401, 402]",0.65,0.675,0.524242424,0.690909091
"(402, 403]",0.788888889,0.713888889,0.433333333,0.678787879
"(403, 404]",0.711111111,0.680555556,0.487878788,0.742424242
"(404, 405]",0.744444444,0.608333333,0.818181818,0.636363636
"(405, 406]",0.747126437,0.609195402,0.692789969,0.561128527
"(406, 407]",0.744444444,0.536111111,0.587878788,0.784848485
"(407, 408]",0.744444444,0.608333333,0.715151515,0.66969697
"(408, 409]",0.775,0.636111111,0.739393939,0.712121212
"(409, 410]",0.65,0.725,0.590909091,0.809090909
"(410, 411]",0.561111111,0.738888889,0.693939394,0.6
"(411, 412]",0.629310345,0.686781609,0.645768025,0.623824451
"(412, 413]",0.538888889,0.713888889,0.593939394,0.503030303
"(413, 414]",0.658333333,0.705555556,0.521212121,0.627272727
"(414, 415]",0.672222222,0.75,0.648484848,0.690909091
"(415, 416]",0.555555556,0.744444444,0.587878788,0.681818182
"(416, 417]",0.555555556,0.783333333,0.518181818,0.678787879
"(417, 418]",0.612068966,0.807471264,0.385579937,0.771159875
"(418, 419]",0.650537634,0.658333333,0.554545455,0.718181818
"(419, 420]",0.755747126,0.625,0.572727273,0.642424242
"(420, 421]",0.744444444,0.622222222,0.663636364,0.53030303
"(421, 422]",0.694444444,0.819444444,0.8,0.533333333
"(422, 423]",0.402777778,0.858333333,0.596969697,0.736363636
"(423, 424]",0.347701149,0.75862069,0.495297806,0.862068966
"(424, 425]",0.561827957,0.758333333,0.642424242,0.736070381
"(425, 426]",0.738505747,0.683333333,0.675757576,0.617554859
"(426, 427]",0.688888889,0.738888889,0.690909091,0.56969697
"(427, 428]",0.661111111,0.605555556,0.645454545,0.696969697
"(428, 429]",0.633333333,0.630555556,0.584848485,0.757575758
"(429, 430]",0.545977011,0.681034483,0.611285266,0.730407524
"(430, 431]",0.655913978,0.720430108,0.662756598,0.601173021
"(431, 432]",0.74137931,0.761494253,0.655172414,0.642633229
"(432, 433]",0.658333333,0.777777778,0.584848485,0.596969697
"(433, 434]",0.747222222,0.655555556,0.593939394,0.63030303
"(434, 435]",0.561111111,0.666666667,0.609090909,0.651515152
"(435, 436]",0.522988506,0.784482759,0.702194357,0.677115987
"(436, 437]",0.634408602,0.709677419,0.571847507,0.583577713
"(437, 438]",0.663793103,0.778735632,0.332288401,0.648902821
"(438, 439]",0.719444444,0.691666667,0.454545455,0.590909091
"(439, 440]",0.6,0.813888889,0.654545455,0.527272727
"(440, 441]",0.747222222,0.794444444,0.618181818,0.596969697
"(441, 442]",0.640804598,0.551724138,0.652037618,0.695924765
"(442, 443]",0.629032258,0.478494624,0.609970674,0.630498534
"(443, 444]",0.701149425,0.57183908,0.620689655,0.761755486
"(444, 445]",0.613888889,0.669444444,0.560606061,0.775757576
"(445, 446]",0.575,0.616666667,0.76969697,0.660606061
"(446, 447]",0.730555556,0.575,0.675757576,0.4
"(447, 448]",0.721264368,0.732758621,0.686520376,0.498432602
"(448, 449]",0.809139785,0.806451613,0.653958944,0.639296188
"(449, 450]",0.784482759,0.649425287,0.717868339,0.645768025
"(450, 451]",0.702777778,0.766666667,0.690909091,0.721212121
"(451, 452]",0.716666667,0.547222222,0.690909091,0.693939394
"(452, 453]",0.797222222,0.625,0.548484848,0.648484848
"(453, 454]",0.758333333,0.755747126,0.749216301,0.781818182
"(454, 455]",0.705555556,0.661290323,0.68914956,0.639393939
"(455, 456]",0.583333333,0.600574713,0.598746082,0.721003135
"(456, 457]",0.638888889,0.611111111,0.566666667,0.675757576
"(457, 458]",0.583333333,0.802777778,0.56969697,0.548484848
"(458, 459]",0.594444444,0.636111111,0.815151515,0.827272727
"(459, 460]",0.691666667,0.663793103,0.573667712,0.709090909
"(460, 461]",0.802777778,0.674731183,0.607038123,0.736363636
"(461, 462]",0.772988506,0.635057471,0.699059561,0.561128527
"(462, 463]",0.833333333,0.641666667,0.690909091,0.536363636
"(463, 464]",0.852777778,0.661111111,0.775757576,0.812121212
"(464, 465]",0.825,0.802777778,0.521212121,0.696969697
"(465, 466]",0.658333333,0.766666667,0.590909091,0.766666667
"(466, 467]",0.752777778,0.594444444,0.690909091,0.678787879
"(467, 468]",0.807471264,0.75,0.730407524,0.564263323
"(468, 469]",0.697222222,0.880555556,0.639393939,0.793939394
"(469, 470]",0.619444444,0.894444444,0.584848485,0.596969697
"(470, 471]",0.661111111,0.738888889,0.745454545,0.403030303
"(471, 472]",0.744444444,0.752777778,0.636363636,0.512121212
"(472, 473]",0.572222222,0.797222222,0.706060606,0.587878788
"(473, 474]",0.655172414,0.807471264,0.808777429,0.714733542
"(474, 475]",0.536111111,0.758333333,0.639393939,0.690909091
"(475, 476]",0.644444444,0.694444444,0.596969697,0.757575758
"(476, 477]",0.538888889,0.702777778,0.63030303,0.815151515
"(477, 478]",0.602777778,0.708333333,0.651515152,0.693939394
"(478, 479]",0.563888889,0.708333333,0.615151515,0.73030303
"(479, 480]",0.620689655,0.551724138,0.680250784,0.818181818
"(480, 481]",0.555555556,0.583333333,0.8,0.584848485
"(481, 482]",0.602777778,0.516666667,0.684848485,0.66969697
"(482, 483]",0.613888889,0.566666667,0.709090909,0.612121212
"(483, 484]",0.655555556,0.586111111,0.715151515,0.666666667
"(484, 485]",0.711111111,0.752777778,0.584848485,0.663636364
"(485, 486]",0.597701149,0.698275862,0.695924765,0.680250784
"(486, 487]",0.661111111,0.597222222,0.651515152,0.596969697
"(487, 488]",0.769444444,0.763888889,0.633333333,0.739393939
"(488, 489]",0.722222222,0.913888889,0.566666667,0.745454545
"(489, 490]",0.744444444,0.819444444,0.636363636,0.654545455
"(490, 491]",0.569444444,0.677777778,0.536363636,0.645454545
"(491, 492]",0.694444444,0.66954023,0.711598746,0.65830721
"(492, 493]",0.583333333,0.672222222,0.63030303,0.672727273
"(493, 494]",0.677777778,0.738888889,0.633333333,0.712121212
"(494, 495]",0.702777778,0.880555556,0.627272727,0.806060606
"(495, 496]",0.727777778,0.747222222,0.533333333,0.7
"(496, 497]",0.683333333,0.736111111,0.466666667,0.593939394
"(497, 498]",0.606321839,0.752777778,0.593939394,0.727272727
"(498, 499]",0.488888889,0.666666667,0.592476489,0.727272727
"(499, 500]",0.616666667,0.861111111,0.527272727,0.545454545
"(500, 501]",0.666666667,0.547222222,0.515151515,0.439393939
"(501, 502]",0.733333333,0.616666667,0.578787879,0.633333333
"(502, 503]",0.755555556,0.752777778,0.784848485,0.563636364
"(503, 504]",0.704022989,0.755555556,0.83030303,0.432601881
"(504, 505]",0.794444444,0.83045977,0.567398119,0.533333333
"(505, 506]",0.658333333,0.672222222,0.612121212,0.824242424
"(506, 507]",0.583333333,0.8,0.484848485,0.821212121
"(507, 508]",0.738888889,0.791666667,0.718181818,0.675757576
"(508, 509]",0.825,0.730555556,0.633333333,0.545454545
"(509, 510]",0.919444444,0.727777778,0.596969697,0.727272727
"(510, 511]",0.824712644,0.75,0.617554859,0.871473354
"(511, 512]",0.691666667,0.669444444,0.66969697,0.624242424
"(512, 513]",0.602777778,0.694444444,0.560606061,0.509090909
"(513, 514]",0.561111111,0.580555556,0.763636364,0.578787879
"(514, 515]",0.575,0.552777778,0.648484848,0.427272727
"(515, 516]",0.691666667,0.647222222,0.533333333,0.606060606
"(516, 517]",0.729885057,0.675287356,0.645768025,0.517241379
"(517, 518]",0.725,0.775,0.606060606,0.560606061
"(518, 519]",0.691666667,0.794444444,0.627272727,0.618181818
"(519, 520]",0.730555556,0.847222222,0.506060606,0.721212121
"(520, 521]",0.686111111,0.805555556,0.515151515,0.581818182
"(521, 522]",0.752777778,0.705555556,0.727272727,0.478787879
"(522, 523]",0.655172414,0.686781609,0.630094044,0.507836991
"(523, 524]",0.644444444,0.75,0.487878788,0.496969697
"(524, 525]",0.677777778,0.655555556,0.681818182,0.742424242
"(525, 526]",0.580555556,0.772222222,0.527272727,0.806060606
"(526, 527]",0.727777778,0.741666667,0.681818182,0.66969697
"(527, 528]",0.727777778,0.766666667,0.506060606,0.709090909
"(528, 529]",0.640804598,0.790229885,0.429467085,0.636363636
"(529, 530]",0.680555556,0.761111111,0.666666667,0.654545455
"(530, 531]",0.788888889,0.808333333,0.618181818,0.533333333
"(531, 532]",0.733333333,0.638888889,0.766666667,0.581818182
"(532, 533]",0.641666667,0.738888889,0.796969697,0.545454545
"(533, 534]",0.697222222,0.938888889,0.781818182,0.627272727
"(534, 535]",0.643678161,0.752873563,0.639498433,0.686520376
"(535, 536]",0.779569892,0.6,0.642424242,0.697947214
"(536, 537]",0.658045977,0.65,0.56969697,0.699059561
"(537, 538]",0.555555556,0.744444444,0.603030303,0.575757576
"(538, 539]",0.680555556,0.652777778,0.818181818,0.615151515
"(539, 540]",0.766666667,0.627777778,0.793939394,0.715151515
"(540, 541]",0.755747126,0.698275862,0.539184953,0.55799373
"(541, 542]",0.626344086,0.816666667,0.560606061,0.627565982
"(542, 543]",0.511494253,0.672222222,0.521212121,0.689655172
"(543, 544]",0.513888889,0.686111111,0.587878788,0.560606061
"(544, 545]",0.677777778,0.555555556,0.633333333,0.781818182
"(545, 546]",0.718390805,0.758333333,0.645454545,0.757575758
"(546, 547]",0.627777778,0.689655172,0.611285266,0.601880878
"(547, 548]",0.666666667,0.637096774,0.486803519,0.68914956
"(548, 549]",0.655172414,0.646551724,0.664576803,0.680250784
"(549, 550]",0.627777778,0.788888889,0.772727273,0.642424242
"(550, 551]",0.675,0.777777778,0.487878788,0.551515152
"(551, 552]",0.666666667,0.566666667,0.560606061,0.566666667
"(552, 553]",0.706896552,0.686781609,0.570532915,0.636363636
"(553, 554]",0.629032258,0.60483871,0.527859238,0.524926686
"(554, 555]",0.816091954,0.689655172,0.570532915,0.639498433
"(555, 556]",0.833333333,0.755555556,0.6,0.612121212
"(556, 557]",0.791666667,0.630555556,0.609090909,0.515151515
"(557, 558]",0.730555556,0.683333333,0.442424242,0.557575758
"(558, 559]",0.629310345,0.686781609,0.351097179,0.642633229
"(559, 560]",0.602150538,0.663978495,0.425219941,0.624633431
"(560, 561]",0.643678161,0.649425287,0.520376176,0.673981191
"(561, 562]",0.597222222,0.530555556,0.639393939,0.678787879
"(562, 563]",0.527777778,0.711111111,0.690909091,0.693939394
"(563, 564]",0.644444444,0.763888889,0.5,0.718181818
"(564, 565]",0.633333333,0.603448276,0.60815047,0.768025078
"(565, 566]",0.55,0.704301075,0.741935484,0.636363636
"(566, 567]",0.675287356,0.772988506,0.680250784,0.655172414
"(567, 568]",0.627777778,0.808333333,0.590909091,0.73030303
"(568, 569]",0.661111111,0.897222222,0.581818182,0.593939394
"(569, 570]",0.625,0.838888889,0.493939394,0.612121212
"(570, 571]",0.680555556,0.591954023,0.655172414,0.615151515
"(571, 572]",0.713888889,0.744623656,0.73313783,0.627272727
"(572, 573]",0.658045977,0.784482759,0.573667712,0.630094044
"(573, 574]",0.694444444,0.691666667,0.575757576,0.696969697
"(574, 575]",0.758333333,0.694444444,0.672727273,0.706060606
"(575, 576]",0.675,0.677777778,0.715151515,0.624242424
"(576, 577]",0.738888889,0.713888889,0.696969697,0.733333333
"(577, 578]",0.55,0.702777778,0.63030303,0.763636364
"(578, 579]",0.807471264,0.864942529,0.652037618,0.714733542
"(579, 580]",0.652777778,0.822222222,0.639393939,0.596969697
"(580, 581]",0.727777778,0.669444444,0.460606061,0.575757576
"(581, 582]",0.669444444,0.780555556,0.557575758,0.518181818
"(582, 583]",0.708333333,0.588888889,0.672727273,0.503030303
"(583, 584]",0.755555556,0.658333333,0.621212121,0.575757576
"(584, 585]",0.764367816,0.655172414,0.60815047,0.579937304
"(585, 586]",0.666666667,0.627777778,0.478787879,0.606060606
"(586, 587]",0.622222222,0.608333333,0.609090909,0.518181818
"(587, 588]",0.536111111,0.538888889,0.578787879,0.633333333
"(588, 589]",0.769444444,0.613888889,0.563636364,0.548484848
"(589, 590]",0.813888889,0.677777778,0.684848485,0.539393939
"(590, 591]",0.810344828,0.563218391,0.536050157,0.65830721
"(591, 592]",0.563888889,0.545977011,0.695924765,0.709090909
"(592, 593]",0.65,0.594444444,0.760606061,0.627272727
"(593, 594]",0.711111111,0.625,0.733333333,0.678787879
"(594, 595]",0.633333333,0.591666667,0.512121212,0.684848485
"(595, 596]",0.647222222,0.644444444,0.63030303,0.578787879
"(596, 597]",0.485632184,0.525862069,0.520376176,0.689655172
"(597, 598]",0.622222222,0.556547619,0.548701299,0.660606061
"(598, 599]",0.741666667,0.688888889,0.639393939,0.690909091
"(599, 600]",0.641666667,0.580555556,0.566666667,0.615151515
"(600, 601]",0.636111111,0.75,0.721212121,0.578787879
"(601, 602]",0.787356322,0.787356322,0.655172414,0.678571429
"(602, 603]",0.727777778,0.580555556,0.636363636,0.657575758
"(603, 604]",0.697222222,0.652777778,0.657575758,0.790909091
"(604, 605]",0.633333333,0.772222222,0.584848485,0.627272727
"(605, 606]",0.647222222,0.847222222,0.56969697,0.624242424
"(606, 607]",0.494444444,0.711111111,0.603030303,0.645454545
"(607, 608]",0.536111111,0.702777778,0.560606061,0.672727273
"(608, 609]",0.675287356,0.795977011,0.592476489,0.673981191
"(609, 610]",0.591666667,0.709770115,0.645768025,0.736363636
"(610, 611]",0.558333333,0.713888889,0.648484848,0.73030303
"(611, 612]",0.708333333,0.709770115,0.457680251,0.736363636
"(612, 613]",0.636111111,0.591666667,0.478787879,0.842424242
"(613, 614]",0.588888889,0.763888889,0.433333333,0.857575758
"(614, 615]",0.801724138,0.727011494,0.617554859,0.670846395
"(615, 616]",0.577777778,0.554597701,0.645768025,0.551515152
"(616, 617]",0.516666667,0.555555556,0.648484848,0.7
"(617, 618]",0.688888889,0.644444444,0.718181818,0.563636364
"(618, 619]",0.727777778,0.791666667,0.533333333,0.627272727
"(619, 620]",0.652777778,0.675,0.696969697,0.693939394
"(620, 621]",0.58045977,0.683908046,0.642633229,0.623824451
"(621, 622]",0.538888889,0.630555556,0.563636364,0.590909091
"(622, 623]",0.558333333,0.488888889,0.684848485,0.66969697
"(623, 624]",0.627777778,0.603448276,0.564263323,0.745454545
"(624, 625]",0.658333333,0.663888889,0.590909091,0.587878788
"(625, 626]",0.519444444,0.58045977,0.570532915,0.578787879
"(626, 627]",0.698275862,0.66091954,0.369905956,0.4169279
"(627, 628]",0.647222222,0.511111111,0.415151515,0.533333333
"(628, 629]",0.680555556,0.683333333,0.56969697,0.393939394
"(629, 630]",0.627777778,0.783950617,0.622895623,0.487878788
"(630, 631]",0.655555556,0.75,0.621212121,0.603030303
"(631, 632]",0.563888889,0.547222222,0.590909091,0.675757576
"(632, 633]",0.709770115,0.620689655,0.542319749,0.680250784
"(633, 634]",0.7,0.733974359,0.527972028,0.663636364
"(634, 635]",0.625,0.516666667,0.572727273,0.472727273
"(635, 636]",0.519444444,0.636111111,0.8,0.421212121
"(636, 637]",0.75,0.583333333,0.63030303,0.493939394
"(637, 638]",0.6,0.753205128,0.51048951,0.754545455
"(638, 639]",0.709770115,0.877777778,0.645454545,0.592476489
"(639, 640]",0.661111111,0.830128205,0.706293706,0.715151515
"(640, 641]",0.691666667,0.633333333,0.539393939,0.781818182
"(641, 642]",0.638888889,0.516666667,0.627272727,0.690909091
"(642, 643]",0.819444444,0.583333333,0.627272727,0.763636364
"(643, 644]",0.569444444,0.550595238,0.613636364,0.806060606
"(644, 645]",0.74137931,0.712643678,0.661442006,0.70846395
"(645, 646]",0.577777778,0.555555556,0.790909091,0.627272727
"(646, 647]",0.680555556,0.658333333,0.6,0.575757576
"(647, 648]",0.597222222,0.706790123,0.599326599,0.757575758
"(648, 649]",0.444444444,0.763888889,0.587878788,0.706060606
"(649, 650]",0.586111111,0.780555556,0.618181818,0.566666667
"(650, 651]",0.488505747,0.75862069,0.620689655,0.605015674
"(651, 652]",0.638888889,0.771604938,0.542087542,0.551515152
"(652, 653]",0.633333333,0.736111111,0.621212121,0.633333333
"(653, 654]",0.513888889,0.583333333,0.571969697,0.639393939
"(654, 655]",0.636111111,0.643678161,0.457680251,0.575757576
"(655, 656]",0.544444444,0.733333333,0.475757576,0.690909091
"(656, 657]",0.612068966,0.813888889,0.581818182,0.689655172
"(657, 658]",0.697222222,0.75,0.531818182,0.748484848
"(658, 659]",0.727777778,0.602777778,0.533333333,0.451515152
"(659, 660]",0.747222222,0.688888889,0.545454545,0.545454545
"(660, 661]",0.775,0.825,0.5,0.712121212
"(661, 662]",0.763888889,0.886904762,0.584415584,0.763636364
"(662, 663]",0.761494253,0.783333333,0.451515152,0.670846395
"(663, 664]",0.75,0.767361111,0.662878788,0.772727273
"(664, 665]",0.683333333,0.7,0.636363636,0.690909091
"(665, 666]",0.677777778,0.747222222,0.593939394,0.712121212
"(666, 667]",0.655555556,0.675,0.575757576,0.603030303
"(667, 668]",0.747222222,,,0.663636364
"(668, 669]",0.617816092,0.625,0.677272727,0.620689655
"(669, 670]",0.569444444,0.732638889,0.606060606,0.684848485
"(670, 671]",0.563888889,0.797222222,0.609090909,0.593939394
"(671, 672]",0.716666667,0.769444444,0.433333333,0.803030303
"(672, 673]",0.713888889,0.638888889,0.590909091,0.557575758
"(673, 674]",0.55,0.693333333,0.629090909,0.672727273
"(674, 675]",0.416666667,0.698275862,0.664576803,0.470219436
"(675, 676]",0.497222222,0.791666667,0.540909091,0.578787879
"(676, 677]",0.563888889,0.788888889,0.627272727,0.703030303
"(677, 678]",0.552777778,0.791666667,0.613636364,0.539393939
"(678, 679]",0.552777778,0.722222222,0.696969697,0.606060606
"(679, 680]",0.686111111,0.670289855,0.743083004,0.606060606
"(680, 681]",0.505747126,0.725,0.724242424,0.711598746
"(681, 682]",0.658602151,0.797222222,0.687878788,0.80058651
"(682, 683]",0.626436782,0.858333333,0.551515152,0.545454545
"(683, 684]",0.6,0.71969697,0.619834711,0.584848485
"(684, 685]",0.477777778,0.711111111,0.596969697,0.63030303
"(685, 686]",0.688888889,0.589506173,0.68013468,0.724242424
"(686, 687]",0.66954023,0.619444444,0.466666667,0.673981191
"(687, 688]",0.658602151,0.519444444,0.518181818,0.706744868
"(688, 689]",0.747126437,0.802777778,0.536363636,0.768025078
"(689, 690]",0.791666667,0.833333333,0.777272727,0.760606061
"(690, 691]",0.744444444,0.725,0.651515152,0.66969697
"(691, 692]",0.625,0.697222222,0.63030303,0.518181818
"(692, 693]",0.545977011,0.692528736,0.680250784,0.529780564
"(693, 694]",0.650537634,0.600574713,0.611285266,0.439882698
"(694, 695]",0.583333333,0.791666667,0.584848485,0.476489028
"(695, 696]",0.691666667,0.658333333,0.515151515,0.696969697
"(696, 697]",0.591666667,0.761111111,0.672727273,0.712121212
"(697, 698]",0.563218391,0.619444444,0.621212121,0.781818182
"(698, 699]",0.608333333,0.778735632,0.611285266,0.661442006
"(699, 700]",0.63172043,0.701612903,0.695014663,0.66568915
"(700, 701]",0.790229885,0.640804598,0.626959248,0.652037618
"(701, 702]",0.794444444,0.672222222,0.633333333,0.654545455
"(702, 703]",0.694444444,0.65,0.521212121,0.6
"(703, 704]",0.608333333,0.663888889,0.627272727,0.557575758
"(704, 705]",0.50862069,0.675287356,0.65830721,0.561128527
"(705, 706]",0.411290323,0.76344086,0.648093842,0.563049853
"(706, 707]",0.465517241,0.652298851,0.714733542,0.564263323
"(707, 708]",0.602777778,0.925,0.654545455,0.648484848
"(708, 709]",0.636111111,0.922222222,0.648484848,0.696969697
"(709, 710]",0.619444444,0.920634921,0.683982684,0.548484848
"(710, 711]",0.605555556,0.916666667,0.55799373,0.626959248
"(711, 712]",0.658045977,0.86827957,0.457478006,0.753665689
"(712, 713]",0.686111111,0.781609195,0.467084639,0.68338558
"(713, 714]",0.797222222,0.784313725,0.56684492,0.684848485
"(714, 715]",0.633333333,0.783333333,0.4,0.715151515
"(715, 716]",0.708333333,0.726851852,0.560606061,0.766666667
"(716, 717]",0.658333333,0.783333333,0.493939394,0.727272727
"(717, 718]",0.594444444,0.680555556,0.56969697,0.86969697
"(718, 719]",0.620689655,0.622222222,0.615151515,0.75862069
"(719, 720]",0.441666667,0.731060606,0.723140496,0.83030303
"(720, 721]",0.438888889,0.738888889,0.603030303,0.742424242
"(721, 722]",0.544444444,0.672413793,0.686520376,0.633333333
"(722, 723]",0.527777778,0.591397849,0.832844575,0.56969697
"(723, 724]",0.494444444,0.738095238,0.883116883,0.575757576
"(724, 725]",0.617816092,0.7,0.645454545,0.664576803
"(725, 726]",0.6,0.605769231,0.566433566,0.648484848
"(726, 727]",0.661111111,0.736111111,0.651515152,0.618181818
"(727, 728]",0.555555556,0.805555556,0.496969697,0.666666667
"(728, 729]",0.411111111,0.836111111,0.457575758,0.745454545
"(729, 730]",0.605555556,0.75,0.506060606,0.884848485
"(730, 731]",0.58045977,0.764367816,0.548589342,0.805642633
"(731, 732]",0.616666667,0.775,0.603030303,0.624242424
"(732, 733]",0.747222222,0.808333333,0.590909091,0.633333333
"(733, 734]",0.691666667,0.622222222,0.657575758,0.696969697
"(734, 735]",0.547222222,0.652777778,0.548484848,0.663636364
"(735, 736]",0.377777778,0.616666667,0.621212121,0.721212121
"(736, 737]",0.5,0.597701149,0.623824451,0.695924765
"(737, 738]",0.680555556,0.716666667,0.651515152,0.612121212
"(738, 739]",0.697222222,0.722222222,0.624242424,0.763636364
"(739, 740]",0.555555556,0.694444444,0.548484848,0.754545455
"(740, 741]",0.747222222,0.755555556,0.606060606,0.715151515
"(741, 742]",0.613888889,0.716666667,0.478787879,0.739393939
"(742, 743]",0.655172414,0.933908046,0.605015674,0.677115987
"(743, 744]",0.772222222,0.884920635,0.614718615,0.560606061
"(744, 745]",0.725,0.716666667,0.6,0.536363636
"(745, 746]",0.672222222,0.588888889,0.639393939,0.612121212
"(746, 747]",0.669444444,0.655555556,0.6,0.706060606
"(747, 748]",0.625,0.766666667,0.739393939,0.706060606
"(748, 749]",0.534482759,0.675,0.636363636,0.689655172
"(749, 750]",0.594444444,0.715277778,0.590909091,0.781818182
"(750, 751]",0.738888889,0.611111111,0.515151515,0.754545455
"(751, 752]",0.7,0.706896552,0.532915361,0.596969697
"(752, 753]",0.752777778,0.55,0.566666667,0.736363636
"(753, 754]",0.788888889,0.727777778,0.581818182,0.657575758
"(754, 755]",0.727011494,0.787356322,0.576802508,0.570532915
"(755, 756]",0.605555556,0.722222222,0.524242424,0.824242424
"(756, 757]",0.652777778,0.763888889,0.542424242,0.696969697
"(757, 758]",0.561111111,0.727777778,0.621212121,0.496969697
"(758, 759]",0.513888889,0.805555556,0.481818182,0.560606061
"(759, 760]",0.447222222,0.858333333,0.672727273,0.563636364
"(760, 761]",0.557471264,0.67816092,0.862068966,0.702194357
"(761, 762]",0.502777778,0.754166667,0.736363636,0.757575758
"(762, 763]",0.691666667,0.75,0.503030303,0.836363636
"(763, 764]",0.547222222,0.719444444,0.496969697,0.806060606
"(764, 765]",0.566666667,0.777777778,0.618181818,0.675757576
"(765, 766]",0.636111111,0.853448276,0.730407524,0.633333333
"(766, 767]",0.701149425,0.769444444,0.718181818,0.721003135
"(767, 768]",0.677777778,0.788461538,0.730769231,0.515151515
"(768, 769]",0.611111111,0.727777778,0.366666667,0.542424242
"(769, 770]",0.533333333,0.613888889,0.436363636,0.718181818
"(770, 771]",0.458333333,0.722222222,0.381818182,0.687878788
"(771, 772]",0.5,0.780555556,0.463636364,0.527272727
"(772, 773]",0.448275862,0.721264368,0.470219436,0.742946708
"(773, 774]",0.477777778,0.841666667,0.496969697,0.760606061
"(774, 775]",0.527777778,0.727777778,0.642424242,0.709090909
"(775, 776]",0.608333333,0.658333333,0.642424242,0.687878788
"(776, 777]",0.663888889,0.544444444,0.496969697,0.542424242
"(777, 778]",0.744444444,0.666666667,0.490909091,0.490909091
"(778, 779]",0.560344828,0.775862069,0.507836991,0.451410658
"(779, 780]",0.580555556,0.822222222,0.712121212,0.536363636
"(780, 781]",0.641666667,0.733333333,0.687878788,0.639393939
"(781, 782]",0.694444444,0.783333333,0.642424242,0.736363636
"(782, 783]",0.752777778,0.669444444,0.736363636,0.496969697
"(783, 784]",0.661111111,0.841666667,0.560606061,0.8
"(784, 785]",0.632183908,0.764367816,0.664576803,0.768025078
"(785, 786]",0.558333333,0.697222222,0.718181818,0.781818182
"(786, 787]",0.644444444,0.569444444,0.660606061,0.642424242
"(787, 788]",0.663888889,0.727777778,0.584848485,0.554545455
"(788, 789]",0.786111111,0.775,0.690909091,0.596969697
"(789, 790]",0.75,0.694444444,0.666666667,0.706060606
"(790, 791]",0.683908046,0.586206897,0.65830721,0.742946708
"(791, 792]",0.702777778,0.655555556,0.63030303,0.633333333
"(792, 793]",0.661111111,0.716666667,0.587878788,0.596969697
"(793, 794]",0.566666667,0.736111111,0.681818182,0.633333333
"(794, 795]",0.7,0.736111111,0.506060606,0.775757576
"(795, 796]",0.65,0.797222222,0.603030303,0.642424242
"(796, 797]",0.727011494,0.727011494,0.677115987,0.73354232
"(797, 798]",0.527777778,0.772222222,0.663636364,0.715151515
"(798, 799]",0.644444444,0.752777778,0.681818182,0.739393939
"(799, 800]",0.661111111,0.588888889,0.584848485,0.73030303
"(800, 801]",0.663888889,0.647222222,0.56969697,0.666666667
"(801, 802]",0.683333333,0.736111111,0.696969697,0.721212121
"(802, 803]",0.649425287,0.568965517,0.554858934,0.60815047
"(803, 804]",0.638888889,0.677777778,0.678787879,0.754545455
"(804, 805]",0.736111111,0.811111111,0.551515152,0.666666667
"(805, 806]",0.561111111,0.808333333,0.457575758,0.836363636
"(806, 807]",0.622222222,0.602777778,0.590909091,0.790909091
"(807, 808]",0.691666667,0.619444444,0.721212121,0.778787879
"(808, 809]",0.445402299,0.772988506,0.711598746,0.808777429
"(809, 810]",0.563888889,0.7,0.7,0.642424242
"(810, 811]",0.555555556,0.788888889,0.654545455,0.584848485
"(811, 812]",0.747222222,0.836111111,0.654545455,0.587878788
"(812, 813]",0.622222222,0.713888889,0.760606061,0.757575758
"(813, 814]",0.527777778,0.744444444,0.721212121,0.736363636
"(814, 815]",0.658045977,0.787356322,0.689655172,0.786833856
"(815, 816]",0.688888889,0.811111111,0.381818182,0.678787879
"(816, 817]",0.611111111,0.833333333,0.584848485,0.848484848
"(817, 818]",0.588888889,0.727777778,0.693939394,0.818181818
"(818, 819]",0.608333333,0.688888889,0.612121212,0.581818182
"(819, 820]",0.633333333,0.663888889,0.445454545,0.890909091
"(820, 821]",0.597701149,0.816091954,0.435736677,0.755485893
"(821, 822]",0.627777778,0.844444444,0.545454545,0.627272727
"(822, 823]",0.647222222,0.75,0.615151515,0.624242424
"(823, 824]",0.694444444,0.858333333,0.642424242,0.627272727
"(824, 825]",0.611111111,0.855555556,0.612121212,0.6
"(825, 826]",0.636111111,0.788888889,0.684848485,0.757575758
"(826, 827]",0.58045977,0.890804598,0.670846395,0.642633229
"(827, 828]",0.5,0.819444444,0.539393939,0.583577713
"(828, 829]",0.520114943,0.752777778,0.809090909,0.620689655
"(829, 830]",0.65,0.713888889,0.754545455,0.645454545
"(830, 831]",0.630555556,0.677777778,0.724242424,0.639393939
"(831, 832]",0.522222222,0.597222222,0.578787879,0.687878788
"(832, 833]",0.612068966,0.563218391,0.714733542,0.742946708
"(833, 834]",0.561827957,0.666666667,0.560606061,0.750733138
"(834, 835]",0.543103448,0.572222222,0.593939394,0.721003135
"(835, 836]",0.536111111,0.730555556,0.724242424,0.863636364
"(836, 837]",0.683333333,0.780555556,0.678787879,0.803030303
"(837, 838]",0.7,0.702777778,0.509090909,0.593939394
"(838, 839]",0.712643678,0.66091954,0.539184953,0.611285266
"(839, 840]",0.782258065,0.669354839,0.601173021,0.662756598
"(840, 841]",0.775862069,0.738505747,0.63322884,0.686520376
"(841, 842]",0.680555556,0.752777778,0.590909091,0.663636364
"(842, 843]",0.719444444,0.788888889,0.581818182,0.651515152
"(843, 844]",0.725,0.588888889,0.645454545,0.615151515
"(844, 845]",0.686781609,0.646551724,0.796238245,0.536050157
"(845, 846]",0.612903226,0.693548387,0.639296188,0.595307918
"(846, 847]",0.58045977,0.577586207,0.592476489,0.780564263
"(847, 848]",0.675,0.791666667,0.548484848,0.781818182
"(848, 849]",0.652777778,0.797222222,0.66969697,0.836363636
"(849, 850]",0.738888889,0.761111111,0.657575758,0.706060606
"(850, 851]",0.600574713,0.712643678,0.686520376,0.811912226
"(851, 852]",0.647849462,0.768817204,0.604105572,0.727272727
"(852, 853]",0.752873563,0.882183908,0.551724138,0.777429467
"(853, 854]",0.755555556,0.677777778,0.751515152,0.715151515
"(854, 855]",0.583333333,0.705555556,0.536363636,0.612121212
"(855, 856]",0.611111111,0.825,0.587878788,0.609090909
"(856, 857]",0.591666667,0.729885057,0.611285266,0.5830721
"(857, 858]",0.663888889,0.626344086,0.448680352,0.66568915
"(858, 859]",0.5,0.827586207,0.510971787,0.579937304
"(859, 860]",0.508333333,0.833333333,0.536363636,0.718181818
"(860, 861]",0.608333333,0.727777778,0.763636364,0.824242424
"(861, 862]",0.586111111,0.602777778,0.760606061,0.615151515
"(862, 863]",0.522222222,0.695402299,0.705329154,0.46969697
"(863, 864]",0.644444444,0.744623656,0.865102639,0.63030303
"(864, 865]",0.551724138,0.721264368,0.63322884,0.614420063
"(865, 866]",0.730555556,0.844444444,0.6,0.654545455
"(866, 867]",0.608333333,0.705555556,0.493939394,0.763636364
"(867, 868]",0.622222222,0.686111111,0.603030303,0.781818182
"(868, 869]",0.408333333,0.569444444,0.621212121,0.578787879
"(869, 870]",0.513888889,0.825,0.578787879,0.76969697
"(870, 871]",0.612068966,0.735632184,0.529780564,0.689655172
"(871, 872]",0.619444444,0.733333333,0.603030303,0.784848485
"(872, 873]",0.605555556,0.794444444,0.66969697,0.681818182
"(873, 874]",0.569444444,0.7,0.663636364,0.687878788
"(874, 875]",0.525,0.694444444,0.587878788,0.627272727
"(875, 876]",0.613888889,0.552777778,0.603030303,0.73030303
"(876, 877]",0.574712644,0.695402299,0.63322884,0.692789969
"(877, 878]",0.666666667,0.661111111,0.724242424,0.648484848
"(878, 879]",0.516666667,0.808333333,0.6,0.627272727
"(879, 880]",0.497222222,0.869444444,0.666666667,0.624242424
"(880, 881]",0.55,0.844444444,0.648484848,0.724242424
"(881, 882]",0.513888889,0.777777778,0.642424242,0.651515152
"(882, 883]",0.646551724,0.882183908,0.677115987,0.761755486
"(883, 884]",0.666666667,0.855555556,0.645454545,0.8
"(884, 885]",0.711111111,0.786111111,0.609090909,0.724242424
"(885, 886]",0.788888889,0.688888889,0.590909091,0.718181818
"(886, 887]",0.763888889,0.638888889,0.481818182,0.718181818
"(887, 888]",0.636111111,0.702777778,0.663636364,0.715151515
"(888, 889]",0.626436782,0.761494253,0.495297806,0.573667712
"(889, 890]",0.586111111,0.775,0.654545455,0.463636364
"(890, 891]",0.575,0.652777778,0.554545455,0.690909091
"(891, 892]",0.591666667,0.761111111,0.745454545,0.663636364
"(892, 893]",0.697222222,0.677777778,0.509090909,0.706060606
"(893, 894]",0.536111111,0.808333333,0.66969697,0.751515152
"(894, 895]",0.58045977,0.732758621,0.498432602,0.655172414
"(895, 896]",0.644444444,0.772222222,0.536363636,0.681818182
"(896, 897]",0.661111111,0.708333333,0.651515152,0.745454545
"(897, 898]",0.636111111,0.780555556,0.657575758,0.596969697
"(898, 899]",0.547222222,0.722222222,0.703030303,0.696969697
"(899, 900]",0.555555556,0.877777778,0.721212121,0.778787879
"(900, 901]",0.603448276,0.67816092,0.699059561,0.824451411
"(901, 902]",0.675,0.738888889,0.7,0.721212121
"(902, 903]",0.686111111,0.811111111,0.636363636,0.803030303
"(903, 904]",0.661111111,0.816666667,0.715151515,0.818181818
"(904, 905]",0.586111111,0.683333333,0.645454545,0.6
"(905, 906]",0.661111111,0.733333333,0.645454545,0.612121212
"(906, 907]",0.454022989,0.640804598,0.664576803,0.507836991
"(907, 908]",0.630555556,0.758333333,0.748484848,0.554545455
"(908, 909]",0.702777778,0.780555556,0.73030303,0.657575758
"(909, 910]",0.75,0.666666667,0.554545455,0.651515152
"(910, 911]",0.827777778,0.605555556,0.624242424,0.751515152
"(911, 912]",0.7,0.661111111,0.675757576,0.706060606
"(912, 913]",0.583333333,0.626436782,0.592476489,0.755485893
"(913, 914]",0.688888889,0.755555556,0.666666667,0.43030303
"(914, 915]",0.583333333,0.838888889,0.724242424,0.536363636
"(915, 916]",0.591666667,0.886111111,0.690909091,0.551515152
"(916, 917]",0.655555556,0.661111111,0.757575758,0.557575758
"(917, 918]",0.633333333,0.761111111,0.542424242,0.584848485
"(918, 919]",0.655172414,0.793103448,0.463949843,0.664576803
"(919, 920]",0.722222222,0.688888889,0.551515152,0.636363636
"(920, 921]",0.694444444,0.608333333,0.6,0.627272727
"(921, 922]",0.555555556,0.733333333,0.642424242,0.551515152
"(922, 923]",0.661111111,0.669444444,0.709090909,0.56969697
"(923, 924]",0.691666667,0.669444444,0.839393939,0.563636364
"(924, 925]",0.721264368,0.658045977,0.75862069,0.705329154
"(925, 926]",0.638888889,0.7,0.651515152,0.690909091
"(926, 927]",0.602777778,0.719444444,0.645454545,0.815151515
"(927, 928]",0.655555556,0.736111111,0.636363636,0.83030303
"(928, 929]",0.544444444,0.769444444,0.612121212,0.796969697
"(929, 930]",0.583333333,0.786111111,0.545454545,0.772727273
"(930, 931]",0.548850575,0.798850575,0.363636364,0.664576803
"(931, 932]",0.375,0.838888889,0.53030303,0.760606061
"(932, 933]",0.363888889,0.788888889,0.578787879,0.627272727
"(933, 934]",0.497222222,0.791666667,0.521212121,0.703030303
"(934, 935]",0.580555556,0.722222222,0.684848485,0.763636364
"(935, 936]",0.727777778,0.683333333,0.763636364,0.793939394
"(936, 937]",0.583333333,0.795977011,0.699059561,0.702194357
"(937, 938]",0.586111111,0.872222222,0.696969697,0.666666667
"(938, 939]",0.680555556,0.838888889,0.745454545,0.527272727
"(939, 940]",0.558333333,0.875,0.609090909,0.663636364
"(940, 941]",0.533333333,0.813888889,0.578787879,0.721212121
"(941, 942]",0.541666667,0.861111111,0.56969697,0.645454545
"(942, 943]",0.525862069,0.732758621,0.532915361,0.636363636
"(943, 944]",0.616666667,0.597222222,0.739393939,0.739393939
"(944, 945]",0.638888889,0.747222222,0.706060606,0.681818182
"(945, 946]",0.630555556,0.794444444,0.615151515,0.633333333
"(946, 947]",0.586111111,0.786111111,0.645454545,0.572727273
"(947, 948]",0.486111111,0.869444444,0.703030303,0.563636364
"(948, 949]",0.583333333,0.850574713,0.796238245,0.742946708
"(949, 950]",0.594444444,0.905555556,0.787878788,0.675757576
"(950, 951]",0.727777778,0.880555556,0.818181818,0.587878788
"(951, 952]",0.572222222,0.886111111,0.524242424,0.621212121
"(952, 953]",0.675,0.758333333,0.621212121,0.754545455
"(953, 954]",0.633333333,0.705555556,0.590909091,0.7
"(954, 955]",0.698275862,0.692528736,0.532915361,0.727272727
"(955, 956]",0.65,0.694444444,0.521212121,0.593939394
"(956, 957]",0.708333333,0.613888889,0.548484848,0.612903226
"(957, 958]",0.558333333,0.680555556,0.572727273,0.746081505
"(958, 959]",0.633333333,0.702777778,0.648484848,0.706060606
"(959, 960]",0.691666667,0.716666667,0.618181818,0.624242424
"(960, 961]",0.727011494,0.644444444,0.663636364,0.678787879
"(961, 962]",0.683333333,0.675287356,0.55799373,0.896551724
"(962, 963]",0.599462366,0.647849462,0.513196481,0.890909091
"(963, 964]",0.520114943,0.727011494,0.551724138,0.63030303
"(964, 965]",0.591666667,0.763888889,0.503030303,0.8
"(965, 966]",0.688888889,0.736111111,0.648484848,0.757575758
"(966, 967]",0.705555556,0.663793103,0.645768025,0.715151515
"(967, 968]",0.649425287,0.763888889,0.639393939,0.695924765
"(968, 969]",0.752688172,0.880555556,0.718181818,0.785923754
"(969, 970]",0.652298851,0.772222222,0.736363636,0.680250784
"(970, 971]",0.627777778,0.638888889,0.754545455,0.618181818
"(971, 972]",0.561111111,0.705555556,0.742424242,0.551515152
"(972, 973]",0.617816092,0.813888889,0.542424242,0.639393939
"(973, 974]",0.451612903,0.836206897,0.714733542,0.666666667
"(974, 975]",0.465517241,0.841397849,0.64516129,0.754545455
"(975, 976]",0.541666667,0.767241379,0.642633229,0.68338558
"(976, 977]",0.7,0.752777778,0.624242424,0.645454545
"(977, 978]",0.663888889,0.786111111,0.624242424,0.633333333
"(978, 979]",0.557471264,0.822222222,0.657575758,0.590909091
"(979, 980]",0.658602151,0.824712644,0.485893417,0.615151515
"(980, 981]",0.626436782,0.884408602,0.648093842,0.672727273
"(981, 982]",0.655555556,0.807471264,0.815047022,0.73354232
"(982, 983]",0.791666667,0.888888889,0.754545455,0.703030303
"(983, 984]",0.705555556,0.725,0.824242424,0.615151515
"(984, 985]",0.694444444,0.583333333,0.603030303,0.53030303
"(985, 986]",0.741666667,0.655555556,0.663636364,0.642424242
"(986, 987]",0.797222222,0.688888889,0.572727273,0.615151515
"(987, 988]",0.672413793,0.727011494,0.677115987,0.75862069
"(988, 989]",0.686111111,0.752777778,0.609090909,0.554545455
"(989, 990]",0.627777778,0.686111111,0.690909091,0.678787879
"(990, 991]",0.688888889,0.658333333,0.675757576,0.733333333
"(991, 992]",0.766666667,0.65,0.651515152,0.724242424
"(992, 993]",0.569444444,0.697222222,0.596969697,0.715151515
"(993, 994]",0.640804598,0.853448276,0.768025078,0.695924765
"(994, 995]",0.588888889,0.808333333,0.73030303,0.581818182
"(995, 996]",0.666666667,0.827777778,0.809090909,0.621212121
"(996, 997]",0.6,0.712643678,0.630094044,0.539393939
"(997, 998]",0.516666667,0.63172043,0.656891496,0.548484848
"(998, 999]",0.444444444,0.708333333,0.83030303,0.696969697
"(999, 1000]",0.666666667,0.795977011,0.670846395,0.652037618
"(1000, 1001]",0.627777778,0.855555556,0.575757576,0.748484848
"(1001, 1002]",0.613888889,0.852777778,0.548484848,0.615151515
"(1002, 1003]",0.730555556,0.805555556,0.509090909,0.778787879
"(1003, 1004]",0.694444444,0.786111111,0.487878788,0.681818182
"(1004, 1005]",0.591666667,0.727777778,0.748484848,0.778787879
"(1005, 1006]",0.594827586,0.692528736,0.749216301,0.648902821
"(1006, 1007]",0.488888889,0.522222222,0.524242424,0.645454545
"(1007, 1008]",0.505555556,0.625,0.572727273,0.775757576
"(1008, 1009]",0.480555556,0.719444444,0.657575758,0.727272727
"(1009, 1010]",0.366666667,0.7,0.636363636,0.636363636
"(1010, 1011]",0.405555556,0.713888889,0.778787879,0.684848485
"(1011, 1012]",0.66954023,0.689655172,0.705329154,0.702194357
"(1012, 1013]",0.719444444,0.544444444,0.754545455,0.563636364
"(1013, 1014]",0.708333333,0.572222222,0.66969697,0.548484848
"(1014, 1015]",0.644444444,0.644444444,0.718181818,0.512121212
"(1015, 1016]",0.641666667,0.686111111,0.73030303,0.627272727
"(1016, 1017]",0.7,0.808333333,0.721212121,0.621212121
"(1017, 1018]",0.675287356,0.709770115,0.680250784,0.686520376
"(1018, 1019]",0.722222222,0.736111111,0.53030303,0.712121212
"(1019, 1020]",0.736111111,0.791666667,0.684848485,0.672727273
"(1020, 1021]",0.538888889,0.825,0.66969697,0.648484848
"(1021, 1022]",0.575,0.719444444,0.854545455,0.693939394
"(1022, 1023]",0.613888889,0.816666667,0.845454545,0.563636364
"(1023, 1024]",0.597701149,0.827586207,0.702194357,0.567398119
"(1024, 1025]",0.625,0.791666667,0.693939394,0.448484848
"(1025, 1026]",0.572222222,0.794444444,0.584848485,0.433333333
"(1026, 1027]",0.688888889,0.566666667,0.657575758,0.609090909
"(1027, 1028]",0.575,0.641666667,0.681818182,0.651515152
"(1028, 1029]",0.713888889,0.761111111,0.533333333,0.654545455
"(1029, 1030]",0.517241379,0.635057471,0.445141066,0.677115987
"(1030, 1031]",0.583333333,0.608333333,0.521212121,0.703030303
"(1031, 1032]",0.530555556,0.7,0.639393939,0.681818182
"(1032, 1033]",0.608333333,0.725,0.751515152,0.378787879
"(1033, 1034]",0.511111111,0.547222222,0.745454545,0.539393939
"(1034, 1035]",0.563888889,0.594444444,0.721212121,0.518181818
"(1035, 1036]",0.502873563,0.606321839,0.579937304,0.636363636
"(1036, 1037]",0.7,0.694444444,0.666666667,0.690909091
"(1037, 1038]",0.775,0.747222222,0.545454545,0.63030303
"(1038, 1039]",0.694444444,0.758333333,0.563636364,0.675757576
"(1039, 1040]",0.772222222,0.65,0.615151515,0.542424242
"(1040, 1041]",0.761494253,0.666666667,0.66969697,0.696969697
"(1041, 1042]",0.605555556,0.784482759,0.60815047,0.714733542
"(1042, 1043]",0.686111111,0.836111111,0.496969697,0.815151515
"(1043, 1044]",0.655555556,0.761111111,0.736363636,0.645454545
"(1044, 1045]",0.716666667,0.747222222,0.739393939,0.648484848
"(1045, 1046]",0.755555556,0.669444444,0.803030303,0.766666667
"(1046, 1047]",0.766666667,0.711111111,0.666666667,0.633333333
"(1047, 1048]",0.649425287,0.775862069,0.736677116,0.551724138
"(1048, 1049]",0.758333333,0.697222222,0.712121212,0.654545455
"(1049, 1050]",0.761111111,0.627777778,0.603030303,0.603030303
"(1050, 1051]",0.644444444,0.619444444,0.506060606,0.566666667
"(1051, 1052]",0.655555556,0.802777778,0.475757576,0.757575758
"(1052, 1053]",0.702777778,0.888888889,0.603030303,0.790909091
"(1053, 1054]",0.482758621,0.738505747,0.589341693,0.730407524
"(1054, 1055]",0.547222222,0.633333333,0.73030303,0.554545455
"(1055, 1056]",0.783333333,0.519444444,0.736363636,0.672727273
"(1056, 1057]",0.786111111,0.619444444,0.584848485,0.642424242
"(1057, 1058]",0.697222222,0.744444444,0.684848485,0.712121212
"(1058, 1059]",0.788888889,0.761111111,0.663636364,0.636363636
"(1059, 1060]",0.692528736,0.827586207,0.532915361,0.507836991
"(1060, 1061]",0.733333333,0.691666667,0.612121212,0.421212121
"(1061, 1062]",0.597222222,0.775,0.727272727,0.515151515
"(1062, 1063]",0.608333333,0.730555556,0.715151515,0.515151515
"(1063, 1064]",0.580555556,0.758333333,0.642424242,0.566666667
"(1064, 1065]",0.597222222,0.613888889,0.542424242,0.484848485
"(1065, 1066]",0.58908046,0.603448276,0.667711599,0.507836991
"(1066, 1067]",0.630555556,0.730555556,0.584848485,0.521212121
"(1067, 1068]",0.622222222,0.686111111,0.554545455,0.515151515
"(1068, 1069]",0.536111111,0.486111111,0.639393939,0.515151515
"(1069, 1070]",0.516666667,0.644444444,0.533333333,0.548484848
"(1070, 1071]",0.613888889,0.597222222,0.715151515,0.660606061
"(1071, 1072]",0.637931034,0.620689655,0.573667712,0.542319749
"(1072, 1073]",0.636111111,0.752777778,0.566666667,0.624242424
"(1073, 1074]",0.691666667,0.755555556,0.703030303,0.590909091
"(1074, 1075]",0.736111111,0.877777778,0.648484848,0.781818182
"(1075, 1076]",0.861111111,0.85,0.563636364,0.739393939
"(1076, 1077]",0.733333333,0.758333333,0.533333333,0.578787879
"(1077, 1078]",0.560344828,0.643678161,0.605015674,0.661442006
"(1078, 1079]",0.45,0.761111111,0.645454545,0.545454545
"(1079, 1080]",0.566666667,0.708333333,0.684848485,0.545454545
"(1080, 1081]",0.730555556,0.530555556,0.757575758,0.436363636
"(1081, 1082]",0.75,0.533333333,0.693939394,0.396969697
"(1082, 1083]",0.605555556,0.5,0.796969697,0.509090909
"(1083, 1084]",0.617816092,0.586206897,0.702194357,0.473354232
"(1084, 1085]",0.602777778,0.6,0.518181818,0.545454545
"(1085, 1086]",0.852777778,0.666666667,0.815151515,0.706060606
"(1086, 1087]",0.633333333,0.636111111,0.778787879,0.709090909
"(1087, 1088]",0.783333333,0.716666667,0.742424242,0.581818182
"(1088, 1089]",0.797222222,0.591666667,0.806060606,0.681818182
"(1089, 1090]",0.692528736,0.692528736,0.705329154,0.746081505
"(1090, 1091]",0.637096774,0.711111111,0.687878788,0.697947214
"(1091, 1092]",0.747126437,0.730555556,0.763636364,0.5830721
"(1092, 1093]",0.677777778,0.697222222,0.642424242,0.654545455
"(1093, 1094]",0.627777778,0.852777778,0.578787879,0.478787879
"(1094, 1095]",0.661111111,0.744444444,0.515151515,0.548484848
"(1095, 1096]",0.761494253,0.899425287,0.385579937,0.579937304
"(1096, 1097]",0.639784946,0.822222222,0.512121212,0.627565982
"(1097, 1098]",0.554597701,0.658333333,0.527272727,0.65830721
"(1098, 1099]",0.697222222,0.8,0.587878788,0.596969697
"(1099, 1100]",0.736111111,0.730555556,0.593939394,0.624242424
"(1100, 1101]",0.738888889,0.686111111,0.687878788,0.554545455
"(1101, 1102]",0.744252874,0.681034483,0.711598746,0.648902821
"(1102, 1103]",0.672043011,0.755376344,0.66568915,0.607038123
"(1103, 1104]",0.551724138,0.666666667,0.664576803,0.523510972
"(1104, 1105]",0.552777778,0.675,0.593939394,0.542424242
"(1105, 1106]",0.622222222,0.672222222,0.624242424,0.396969697
"(1106, 1107]",0.613888889,0.625,0.575757576,0.460606061
"(1107, 1108]",0.724137931,0.709770115,0.570532915,0.514106583
"(1108, 1109]",0.569892473,0.639784946,0.651026393,0.595307918
"(1109, 1110]",0.66954023,0.597701149,0.567398119,0.445141066
"(1110, 1111]",0.663888889,0.583333333,0.609090909,0.551515152
"(1111, 1112]",0.708333333,0.75,0.681818182,0.609090909
"(1112, 1113]",0.755555556,0.575,0.554545455,0.563636364
"(1113, 1114]",0.764367816,0.594827586,0.68338558,0.655172414
"(1114, 1115]",0.661290323,0.698924731,0.651026393,0.57771261
"(1115, 1116]",0.606321839,0.66091954,0.661442006,0.670846395
"(1116, 1117]",0.580555556,0.702777778,0.666666667,0.678787879
"(1117, 1118]",0.466666667,0.725,0.678787879,0.627272727
"(1118, 1119]",0.563888889,0.747222222,0.587878788,0.515151515
"(1119, 1120]",0.608333333,0.603448276,0.589341693,0.492163009
"(1120, 1121]",0.630555556,0.766129032,0.656891496,0.557184751
"(1121, 1122]",0.574712644,0.804597701,0.598746082,0.63322884
"(1122, 1123]",0.525,0.738888889,0.533333333,0.663636364
"(1123, 1124]",0.625,0.761111111,0.5,0.784848485
"(1124, 1125]",0.644444444,0.791666667,0.596969697,0.545454545
"(1125, 1126]",0.513888889,0.75862069,0.692789969,0.56969697
"(1126, 1127]",0.580555556,0.747311828,0.595307918,0.666666667
"(1127, 1128]",0.729885057,0.614942529,0.711598746,0.63322884
"(1128, 1129]",0.697222222,0.633333333,0.742424242,0.633333333
"(1129, 1130]",0.619444444,0.819444444,0.818181818,0.666666667
"(1130, 1131]",0.522222222,0.691666667,0.739393939,0.675757576
"(1131, 1132]",0.683333333,0.638888889,0.572727273,0.742424242
"(1132, 1133]",0.616666667,0.730555556,0.636363636,0.73030303
"(1133, 1134]",0.617816092,0.672413793,0.564263323,0.598746082
"(1134, 1135]",0.694444444,0.647222222,0.5,0.593939394
"(1135, 1136]",0.836111111,0.716666667,0.554545455,0.687878788
"(1136, 1137]",0.752777778,0.744444444,0.690909091,0.790909091
"(1137, 1138]",0.741666667,0.533333333,0.645454545,0.566666667
"(1138, 1139]",0.697222222,0.727777778,0.609090909,0.727272727
"(1139, 1140]",0.528735632,0.658045977,0.614420063,0.78369906
"(1140, 1141]",0.577777778,0.822222222,0.839393939,0.660606061
"(1141, 1142]",0.591666667,0.755555556,0.690909091,0.66969697
"(1142, 1143]",0.591666667,0.766666667,0.487878788,0.545454545
"(1143, 1144]",0.630555556,0.780555556,0.457575758,0.624242424
"(1144, 1145]",0.694444444,0.716666667,0.424242424,0.557575758
"(1145, 1146]",0.652298851,0.658045977,0.489028213,0.65830721
"(1146, 1147]",0.630555556,0.722222222,0.475757576,0.742424242
"(1147, 1148]",0.563888889,0.866666667,0.612121212,0.739393939
"(1148, 1149]",0.577777778,0.825,0.46969697,0.784848485
"(1149, 1150]",0.538888889,0.8,0.557575758,0.615151515
"(1150, 1151]",0.633333333,0.733333333,0.56969697,0.554545455
"(1151, 1152]",0.58908046,0.689655172,0.507836991,0.68338558
"(1152, 1153]",0.427777778,0.697222222,0.490909091,0.563636364
"(1153, 1154]",0.633333333,0.716666667,0.624242424,0.76969697
"(1154, 1155]",0.691666667,0.719444444,0.575757576,0.787878788
"(1155, 1156]",0.552777778,0.688888889,0.663636364,0.678787879
"(1156, 1157]",0.5,0.844444444,0.778787879,0.524242424
"(1157, 1158]",0.474137931,0.853448276,0.749216301,0.514106583
"(1158, 1159]",0.502777778,0.638888889,0.715151515,0.690909091
"(1159, 1160]",0.563888889,0.813888889,0.645454545,0.687878788
"(1160, 1161]",0.638888889,0.908333333,0.609090909,0.524242424
"(1161, 1162]",0.805555556,0.663888889,0.639393939,0.496969697
"(1162, 1163]",0.758333333,0.538888889,0.709090909,0.542424242
"(1163, 1164]",0.718390805,0.778735632,0.407523511,0.63322884
"(1164, 1165]",0.725,0.630555556,0.357575758,0.56969697
"(1165, 1166]",0.7,0.647222222,0.403030303,0.578787879
"(1166, 1167]",0.583333333,0.636111111,0.442424242,0.581818182
"(1167, 1168]",0.669444444,0.625,0.436363636,0.627272727
"(1168, 1169]",0.416666667,0.513888889,0.442424242,0.675757576
"(1169, 1170]",0.49137931,0.640804598,0.564263323,0.605015674
"(1170, 1171]",0.697222222,0.597222222,0.545454545,0.606060606
"(1171, 1172]",0.658333333,0.641666667,0.472727273,0.787878788
"(1172, 1173]",0.680555556,0.555555556,0.648484848,0.763636364
"(1173, 1174]",0.527777778,0.486111111,0.651515152,0.784848485
"(1174, 1175]",0.611111111,0.533333333,0.6,0.736363636
"(1175, 1176]",0.663793103,0.658045977,0.661442006,0.793103448
"(1176, 1177]",0.797222222,0.75,0.506060606,0.712121212
"(1177, 1178]",0.697222222,0.713888889,0.536363636,0.790909091
"(1178, 1179]",0.572222222,0.733333333,0.451515152,0.912121212
"(1179, 1180]",0.511111111,0.641666667,0.566666667,0.660606061
"(1180, 1181]",0.55,0.736111111,0.545454545,0.551515152
"(1181, 1182]",0.57183908,0.692528736,0.595611285,0.586206897
"(1182, 1183]",0.6,0.622222222,0.66969697,0.542424242
"(1183, 1184]",0.502777778,0.738888889,0.654545455,0.678787879
"(1184, 1185]",0.538888889,0.677777778,0.703030303,0.751515152
"(1185, 1186]",0.641666667,0.886111111,0.666666667,0.63030303
"(1186, 1187]",0.602777778,0.775,0.660606061,0.593939394
"(1187, 1188]",0.712643678,0.692528736,0.567398119,0.717868339
"(1188, 1189]",0.7,0.758333333,0.557575758,0.572727273
"(1189, 1190]",0.569444444,0.658333333,0.754545455,0.518181818
"(1190, 1191]",0.686111111,0.6,0.684848485,0.675757576
"(1191, 1192]",0.455555556,0.677777778,0.527272727,0.712121212
"(1192, 1193]",0.522222222,0.705555556,0.533333333,0.675757576
"(1193, 1194]",0.623563218,0.620689655,0.432601881,0.548589342
"(1194, 1195]",0.638888889,0.788888889,0.43030303,0.748484848
"(1195, 1196]",0.622222222,0.669444444,0.493939394,0.663636364
"(1196, 1197]",0.594444444,0.686111111,0.542424242,0.436363636
"(1197, 1198]",0.55,0.777777778,0.687878788,0.709090909
"(1198, 1199]",0.686111111,0.858333333,0.742424242,0.696969697